/* ======================= Data ======================== */

/* ## Customer Table ### */
insert into Customer (FirstName, LastName, gender, DateofBirth, Address, Phone) values ('Danna', 'Luke', 'Female', '1985-04-15', '341 Derek Lane', '2217294229');
insert into Customer (FirstName, LastName, gender, DateofBirth, Address, Phone) values ('Liv', 'Geffcock', 'Female', '1999-10-13', '64 Buell Lane', '7745809382');
insert into Customer (FirstName, LastName, gender, DateofBirth, Address, Phone) values ('Sly', 'Marfe', 'Male', '1972-05-28', '05281 Stang Way', '4104761045');
insert into Customer (FirstName, LastName, gender, DateofBirth, Address, Phone) values ('Allina', 'Palfreyman', 'Female', '1979-08-16', '56767 Artisan Center', '9333497962');
insert into Customer (FirstName, LastName, gender, DateofBirth, Address, Phone) values ('Madonna', 'Gagie', 'Female', '1979-06-16', '173 Londonderry Avenue', '8488846075');
insert into Customer (FirstName, LastName, gender, DateofBirth, Address, Phone) values ('Alyssa', 'Jenik', 'Female', '1993-06-02', '1 Anderson Plaza', '2413295921');
insert into Customer (FirstName, LastName, gender, DateofBirth, Address, Phone) values ('Dorian', 'Klisch', 'Polygender', '1970-02-26', '090 Hauk Avenue', '9386232035');
insert into Customer (FirstName, LastName, gender, DateofBirth, Address, Phone) values ('Martainn', 'De Blase', 'Male', '1995-09-11', '9538 Dahle Street', '4922577375');
insert into Customer (FirstName, LastName, gender, DateofBirth, Address, Phone) values ('Orson', 'Tolcharde', 'Male', '1986-02-15', '17868 Blackbird Parkway', '5434161715');
insert into Customer (FirstName, LastName, gender, DateofBirth, Address, Phone) values ('Jenna', 'Elsmere', 'Polygender', '2009-08-25', '41 Orin Point', '6542360142');
insert into Customer (FirstName, LastName, gender, DateofBirth, Address, Phone) values ('Valerye', 'Parradine', 'Bigender', '1985-02-05', '1 Straubel Center', '5638914664');
insert into Customer (FirstName, LastName, gender, DateofBirth, Address, Phone) values ('Ram', 'Simanek', 'Male', '2001-08-09', '1185 5th Parkway', '5274913003');
insert into Customer (FirstName, LastName, gender, DateofBirth, Address, Phone) values ('Farlee', 'Beadles', 'Male', '1982-01-21', '9 Stephen Trail', '1277032774');
insert into Customer (FirstName, LastName, gender, DateofBirth, Address, Phone) values ('Sibilla', 'Grichukhin', 'Female', '1980-12-28', '5536 Granby Court', '1728681752');
insert into Customer (FirstName, LastName, gender, DateofBirth, Address, Phone) values ('Nicholas', 'Rolance', 'Male', '1997-04-03', '6 Oriole Way', '1933453963');
insert into Customer (FirstName, LastName, gender, DateofBirth, Address, Phone) values ('Lynn', 'Widmore', 'Male', '1980-03-08', '7 Lunder Court', '5887115678');
insert into Customer (FirstName, LastName, gender, DateofBirth, Address, Phone) values ('Phelia', 'Berthe', 'Female', '1973-07-28', '34568 Lindbergh Trail', '7541070384');
insert into Customer (FirstName, LastName, gender, DateofBirth, Address, Phone) values ('Alexandros', 'Lattie', 'Male', '1981-07-04', '770 Pawling Street', '9512714534');
insert into Customer (FirstName, LastName, gender, DateofBirth, Address, Phone) values ('Blakelee', 'Dankersley', 'Female', '1984-08-13', '652 Becker Pass', '3465903191');
insert into Customer (FirstName, LastName, gender, DateofBirth, Address, Phone) values ('Cassandre', 'Gilkison', 'Female', '1978-10-25', '2 Ridgeway Street', '5405875934');
insert into Customer (FirstName, LastName, gender, DateofBirth, Address, Phone) values ('Fidelio', 'Physic', 'Male', '1978-03-27', '4134 Mockingbird Circle', '7696819784');
insert into Customer (FirstName, LastName, gender, DateofBirth, Address, Phone) values ('Darby', 'Gooke', 'Female', '1983-07-03', '229 Thompson Avenue', '6549860299');
insert into Customer (FirstName, LastName, gender, DateofBirth, Address, Phone) values ('Rodolfo', 'Cicculini', 'Male', '1977-04-11', '73367 Stone Corner Hill', '1408893320');
insert into Customer (FirstName, LastName, gender, DateofBirth, Address, Phone) values ('Terrence', 'Chinnery', 'Male', '1974-02-01', '870 Mcbride Crossing', '3038466284');
insert into Customer (FirstName, LastName, gender, DateofBirth, Address, Phone) values ('Sawyere', 'Heber', 'Male', '1979-07-01', '88903 Express Street', '5615716403');

/* ## Borrow Table ### */
insert into Borrow (CardID, BookID, BorrowDate) values (18, 9, '2022-05-12');
insert into Borrow (CardID, BookID, BorrowDate) values (16, 13, '2022-03-22');
insert into Borrow (CardID, BookID, BorrowDate) values (23, 15, '2022-05-28');
insert into Borrow (CardID, BookID, BorrowDate) values (12, 9, '2021-11-01');
insert into Borrow (CardID, BookID, BorrowDate) values (22, 10, '2022-08-20');
insert into Borrow (CardID, BookID, BorrowDate) values (8, 7, '2021-10-22');
insert into Borrow (CardID, BookID, BorrowDate) values (5, 12, '2021-12-18');
insert into Borrow (CardID, BookID, BorrowDate) values (8, 3, '2022-09-09');
insert into Borrow (CardID, BookID, BorrowDate) values (21, 8, '2022-07-26');
insert into Borrow (CardID, BookID, BorrowDate) values (10, 7, '2022-07-14');
insert into Borrow (CardID, BookID, BorrowDate) values (1, 18, '2022-06-05');
insert into Borrow (CardID, BookID, BorrowDate) values (14, 4, '2022-08-19');
insert into Borrow (CardID, BookID, BorrowDate) values (20, 9, '2022-09-10');
insert into Borrow (CardID, BookID, BorrowDate) values (1, 3, '2022-08-16');
insert into Borrow (CardID, BookID, BorrowDate) values (9, 8, '2021-09-29');
insert into Borrow (CardID, BookID, BorrowDate) values (21, 14, '2022-01-29');
insert into Borrow (CardID, BookID, BorrowDate) values (14, 10, '2022-05-12');
insert into Borrow (CardID, BookID, BorrowDate) values (24, 12, '2021-10-28');
insert into Borrow (CardID, BookID, BorrowDate) values (8, 13, '2022-04-08');
insert into Borrow (CardID, BookID, BorrowDate) values (25, 4, '2022-07-26');
insert into Borrow (CardID, BookID, BorrowDate) values (18, 5, '2021-12-09');
insert into Borrow (CardID, BookID, BorrowDate) values (6, 9, '2022-07-30');
insert into Borrow (CardID, BookID, BorrowDate) values (4, 12, '2022-07-03');
insert into Borrow (CardID, BookID, BorrowDate) values (14, 18, '2021-11-01');
insert into Borrow (CardID, BookID, BorrowDate) values (23, 8, '2022-08-16');

/* ## LibraryBranch ### */
insert into LibraryBranch (BranchName, BranchAddress) values ('Fixflex', '171 New Castle Crossing');
insert into LibraryBranch (BranchName, BranchAddress) values ('Sonair', '9 Barby Road');
insert into LibraryBranch (BranchName, BranchAddress) values ('Mat Lam Tam', '04095 Holy Cross Center');
insert into LibraryBranch (BranchName, BranchAddress) values ('Asoka', '6 Welch Crossing');
insert into LibraryBranch (BranchName, BranchAddress) values ('Fixflex', '347 Menomonie Crossing');
insert into LibraryBranch (BranchName, BranchAddress) values ('Daltfresh', '8 Donald Hill');
insert into LibraryBranch (BranchName, BranchAddress) values ('Y-find', '5 Declaration Junction');
insert into LibraryBranch (BranchName, BranchAddress) values ('Toughjoyfax', '2 Tony Parkway');
insert into LibraryBranch (BranchName, BranchAddress) values ('Flowdesk', '76 Prairie Rose Park');
insert into LibraryBranch (BranchName, BranchAddress) values ('Prodder', '34 Basil Parkway');

/* ## Book ### */
insert into Book (BookISBN, BranchID, BookStatus) values (2783161484, 10, 'Available');
insert into Book (BookISBN, BranchID, BookStatus) values (2921571537, 5, 'Borrowed');
insert into Book (BookISBN, BranchID, BookStatus) values (3059981591, 10, 'Damage');
insert into Book (BookISBN, BranchID, BookStatus) values (3198391644, 6, 'Available');
insert into Book (BookISBN, BranchID, BookStatus) values (3336801698, 10, 'Available');
insert into Book (BookISBN, BranchID, BookStatus) values (3475211752, 2, 'Borrowed');
insert into Book (BookISBN, BranchID, BookStatus) values (3613621805, 5, 'Available');
insert into Book (BookISBN, BranchID, BookStatus) values (3752031859, 2, 'Damage');
insert into Book (BookISBN, BranchID, BookStatus) values (3890441912, 6, 'Damage');
insert into Book (BookISBN, BranchID, BookStatus) values (4028851966, 1, 'Available');
insert into Book (BookISBN, BranchID, BookStatus) values (4167262020, 5, 'Available');
insert into Book (BookISBN, BranchID, BookStatus) values (4305672073, 7, 'Damage');
insert into Book (BookISBN, BranchID, BookStatus) values (4444082127, 10, 'Borrowed');
insert into Book (BookISBN, BranchID, BookStatus) values (4582492180, 6, 'Damage');
insert into Book (BookISBN, BranchID, BookStatus) values (4720902234, 1, 'Lost');
insert into Book (BookISBN, BranchID, BookStatus) values (4859312288, 1, 'Damage');
insert into Book (BookISBN, BranchID, BookStatus) values (4997722341, 5, 'Damage');
insert into Book (BookISBN, BranchID, BookStatus) values (5136132395, 2, 'Damage');
insert into Book (BookISBN, BranchID, BookStatus) values (5274542448, 5, 'Lost');
insert into Book (BookISBN, BranchID, BookStatus) values (5412952502, 9, 'Lost');
insert into Book (BookISBN, BranchID, BookStatus) values (5551362556, 6, 'Lost');
insert into Book (BookISBN, BranchID, BookStatus) values (5689772609, 3, 'Borrowed');
insert into Book (BookISBN, BranchID, BookStatus) values (5828182663, 7, 'Lost');
insert into Book (BookISBN, BranchID, BookStatus) values (5966592716, 3, 'Lost');
insert into Book (BookISBN, BranchID, BookStatus) values (6105002770, 4, 'Lost');
insert into Book (BookISBN, BranchID, BookStatus) values (6243412824, 4, 'Borrowed');
insert into Book (BookISBN, BranchID, BookStatus) values (6381822877, 6, 'Lost');
insert into Book (BookISBN, BranchID, BookStatus) values (6520232931, 4, 'Lost');
insert into Book (BookISBN, BranchID, BookStatus) values (6658642984, 2, 'Borrowed');
insert into Book (BookISBN, BranchID, BookStatus) values (6797053038, 1, 'Available');
insert into Book (BookISBN, BranchID, BookStatus) values (6935463092, 7, 'Available');
insert into Book (BookISBN, BranchID, BookStatus) values (7073873145, 2, 'Borrowed');
insert into Book (BookISBN, BranchID, BookStatus) values (7212283199, 8, 'Damage');
insert into Book (BookISBN, BranchID, BookStatus) values (7350693252, 7, 'Damage');
insert into Book (BookISBN, BranchID, BookStatus) values (7489103306, 6, 'Borrowed');
insert into Book (BookISBN, BranchID, BookStatus) values (7627513360, 6, 'Damage');
insert into Book (BookISBN, BranchID, BookStatus) values (7765923413, 8, 'Damage');
insert into Book (BookISBN, BranchID, BookStatus) values (7904333467, 9, 'Damage');
insert into Book (BookISBN, BranchID, BookStatus) values (8042743520, 7, 'Lost');
insert into Book (BookISBN, BranchID, BookStatus) values (8181153574, 2, 'Damage');
insert into Book (BookISBN, BranchID, BookStatus) values (8319563628, 10, 'Damage');
insert into Book (BookISBN, BranchID, BookStatus) values (8457973681, 1, 'Available');
insert into Book (BookISBN, BranchID, BookStatus) values (8596383735, 10, 'Damage');
insert into Book (BookISBN, BranchID, BookStatus) values (8734793788, 9, 'Lost');
insert into Book (BookISBN, BranchID, BookStatus) values (8873203842, 8, 'Available');
insert into Book (BookISBN, BranchID, BookStatus) values (9011613896, 7, 'Available');
insert into Book (BookISBN, BranchID, BookStatus) values (9150023949, 1, 'Borrowed');
insert into Book (BookISBN, BranchID, BookStatus) values (9288434003, 7, 'Borrowed');
insert into Book (BookISBN, BranchID, BookStatus) values (9426844056, 10, 'Available');
insert into Book (BookISBN, BranchID, BookStatus) values (9565254110, 2, 'Damage');

/* ## BookInfo ### */

insert into BookInfo (BookISBN, BookTitle, CategoryID, PublisherID, NumberOfCopies, RackNum) values (2783161484, 'Introduction to Algorithms', 2, 21, 1, 81);
insert into BookInfo (BookISBN, BookTitle, CategoryID, PublisherID, NumberOfCopies, RackNum) values (2921571537, 'The C Programming Language', 2, 16, 1, 5);
insert into BookInfo (BookISBN, BookTitle, CategoryID, PublisherID, NumberOfCopies, RackNum) values (3059981591, 'Big Data Big Challenges', 15, 16, 1, 52);
insert into BookInfo (BookISBN, BookTitle, CategoryID, PublisherID, NumberOfCopies, RackNum) values (3198391644, 'Designing Data', 19, 22, 1, 75);
insert into BookInfo (BookISBN, BookTitle, CategoryID, PublisherID, NumberOfCopies, RackNum) values (3336801698, 'Programming Pearls', 15, 14, 1, 92);
insert into BookInfo (BookISBN, BookTitle, CategoryID, PublisherID, NumberOfCopies, RackNum) values (3475211752, 'Splinter', 9, 21, 1, 41);
insert into BookInfo (BookISBN, BookTitle, CategoryID, PublisherID, NumberOfCopies, RackNum) values (3613621805, 'Parasite', 13, 12, 1, 26);
insert into BookInfo (BookISBN, BookTitle, CategoryID, PublisherID, NumberOfCopies, RackNum) values (3752031859, 'Daddy Nostalgia (Daddy Nostalgie)', 24, 4, 1, 20);
insert into BookInfo (BookISBN, BookTitle, CategoryID, PublisherID, NumberOfCopies, RackNum) values (3890441912, 'Hostel: Part II', 7, 14, 1, 41);
insert into BookInfo (BookISBN, BookTitle, CategoryID, PublisherID, NumberOfCopies, RackNum) values (4028851966, 'Fall', 9, 20, 1, 77);
insert into BookInfo (BookISBN, BookTitle, CategoryID, PublisherID, NumberOfCopies, RackNum) values (4167262020, 'One Bright Shining Moment', 7, 11, 1, 56);
insert into BookInfo (BookISBN, BookTitle, CategoryID, PublisherID, NumberOfCopies, RackNum) values (4305672073, 'Philadelphia', 1, 13, 1, 67);
insert into BookInfo (BookISBN, BookTitle, CategoryID, PublisherID, NumberOfCopies, RackNum) values (4444082127, 'Night of the Following Day, The', 16, 4, 1, 16);
insert into BookInfo (BookISBN, BookTitle, CategoryID, PublisherID, NumberOfCopies, RackNum) values (4582492180, 'Violent Saturday', 2, 16, 1, 85);
insert into BookInfo (BookISBN, BookTitle, CategoryID, PublisherID, NumberOfCopies, RackNum) values (4720902234, 'Rush', 14, 1, 1, 10);
insert into BookInfo (BookISBN, BookTitle, CategoryID, PublisherID, NumberOfCopies, RackNum) values (4859312288, 'Three Brothers (Tre fratelli)', 4, 9, 1, 24);
insert into BookInfo (BookISBN, BookTitle, CategoryID, PublisherID, NumberOfCopies, RackNum) values (4997722341, 'Porky''s II: The Next Day', 1, 21, 1, 35);
insert into BookInfo (BookISBN, BookTitle, CategoryID, PublisherID, NumberOfCopies, RackNum) values (5136132395, 'Sisters, The', 20, 19, 1, 57);
insert into BookInfo (BookISBN, BookTitle, CategoryID, PublisherID, NumberOfCopies, RackNum) values (5274542448, 'Upstairs and Downstairs', 25, 18, 1, 27);
insert into BookInfo (BookISBN, BookTitle, CategoryID, PublisherID, NumberOfCopies, RackNum) values (5412952502, 'Doctor and the Devils, The', 4, 22, 1, 48);
insert into BookInfo (BookISBN, BookTitle, CategoryID, PublisherID, NumberOfCopies, RackNum) values (5551362556, 'Light of Day', 10, 10, 1, 70);
insert into BookInfo (BookISBN, BookTitle, CategoryID, PublisherID, NumberOfCopies, RackNum) values (5689772609, 'Cet amour-là', 17, 5, 1, 22);
insert into BookInfo (BookISBN, BookTitle, CategoryID, PublisherID, NumberOfCopies, RackNum) values (5828182663, 'Far Out Man', 23, 15, 1, 25);
insert into BookInfo (BookISBN, BookTitle, CategoryID, PublisherID, NumberOfCopies, RackNum) values (5966592716, 'How to Eat Your Watermelon in White Company (and Enjoy It)', 3, 7, 1, 28);
insert into BookInfo (BookISBN, BookTitle, CategoryID, PublisherID, NumberOfCopies, RackNum) values (6105002770, 'So Long Letty', 10, 11, 1, 52);
insert into BookInfo (BookISBN, BookTitle, CategoryID, PublisherID, NumberOfCopies, RackNum) values (6243412824, 'Dune', 4, 21, 1, 37);
insert into BookInfo (BookISBN, BookTitle, CategoryID, PublisherID, NumberOfCopies, RackNum) values (6381822877, 'When Animals Dream (Når dyrene drømmer)', 9, 7, 1, 67);
insert into BookInfo (BookISBN, BookTitle, CategoryID, PublisherID, NumberOfCopies, RackNum) values (6520232931, 'Party Girl', 13, 17, 1, 15);
insert into BookInfo (BookISBN, BookTitle, CategoryID, PublisherID, NumberOfCopies, RackNum) values (6658642984, 'Time Walker (a.k.a. Being From Another Planet)', 12, 17, 1, 83);
insert into BookInfo (BookISBN, BookTitle, CategoryID, PublisherID, NumberOfCopies, RackNum) values (6797053038, 'Liberation of L.B. Jones, The', 4, 16, 1, 17);
insert into BookInfo (BookISBN, BookTitle, CategoryID, PublisherID, NumberOfCopies, RackNum) values (6935463092, 'Star Wars: Episode IV - A New Hope', 7, 22, 1, 19);
insert into BookInfo (BookISBN, BookTitle, CategoryID, PublisherID, NumberOfCopies, RackNum) values (7073873145, 'Grand Dukes, The (Les grands ducs)', 25, 23, 1, 83);
insert into BookInfo (BookISBN, BookTitle, CategoryID, PublisherID, NumberOfCopies, RackNum) values (7212283199, 'Better This World', 12, 11, 1, 61);
insert into BookInfo (BookISBN, BookTitle, CategoryID, PublisherID, NumberOfCopies, RackNum) values (7350693252, 'Rockin'' in the Rockies', 18, 5, 1, 97);
insert into BookInfo (BookISBN, BookTitle, CategoryID, PublisherID, NumberOfCopies, RackNum) values (7489103306, 'Vesku from Finland (Vesku)', 14, 19, 1, 51);
insert into BookInfo (BookISBN, BookTitle, CategoryID, PublisherID, NumberOfCopies, RackNum) values (7627513360, 'Identification of a Woman (Identificazione di una donna)', 7, 16, 1, 87);
insert into BookInfo (BookISBN, BookTitle, CategoryID, PublisherID, NumberOfCopies, RackNum) values (7765923413, 'Cinematographer Style', 15, 3, 1, 22);
insert into BookInfo (BookISBN, BookTitle, CategoryID, PublisherID, NumberOfCopies, RackNum) values (7904333467, 'McCullochs, The', 1, 3, 1, 41);
insert into BookInfo (BookISBN, BookTitle, CategoryID, PublisherID, NumberOfCopies, RackNum) values (8042743520, 'Day, The', 23, 1, 1, 61);
insert into BookInfo (BookISBN, BookTitle, CategoryID, PublisherID, NumberOfCopies, RackNum) values (8181153574, 'I Want Someone to Eat Cheese With', 17, 19, 1, 96);
insert into BookInfo (BookISBN, BookTitle, CategoryID, PublisherID, NumberOfCopies, RackNum) values (8319563628, 'Buud Yam', 16, 1, 1, 83);
insert into BookInfo (BookISBN, BookTitle, CategoryID, PublisherID, NumberOfCopies, RackNum) values (8457973681, 'Mad Dog Coll', 20, 24, 1, 29);
insert into BookInfo (BookISBN, BookTitle, CategoryID, PublisherID, NumberOfCopies, RackNum) values (8596383735, 'Spare Parts', 2, 20, 1, 12);
insert into BookInfo (BookISBN, BookTitle, CategoryID, PublisherID, NumberOfCopies, RackNum) values (8734793788, 'All the Invisible Children', 7, 16, 1, 91);
insert into BookInfo (BookISBN, BookTitle, CategoryID, PublisherID, NumberOfCopies, RackNum) values (8873203842, 'Itty Bitty Titty Committee', 3, 5, 1, 87);
insert into BookInfo (BookISBN, BookTitle, CategoryID, PublisherID, NumberOfCopies, RackNum) values (9011613896, 'She Cried No (Freshman Fall)', 16, 12, 1, 65);
insert into BookInfo (BookISBN, BookTitle, CategoryID, PublisherID, NumberOfCopies, RackNum) values (9150023949, 'Somewhere Under the Broad Sky', 8, 15, 1, 17);
insert into BookInfo (BookISBN, BookTitle, CategoryID, PublisherID, NumberOfCopies, RackNum) values (9288434003, 'Prince and the Pauper, The', 4, 9, 1, 18);
insert into BookInfo (BookISBN, BookTitle, CategoryID, PublisherID, NumberOfCopies, RackNum) values (9426844056, 'Aeon Flux', 5, 21, 1, 24);
insert into BookInfo (BookISBN, BookTitle, CategoryID, PublisherID, NumberOfCopies, RackNum) values (9565254110, 'Bull Durham', 16, 23, 1, 3);

/* ## Categories ### */

/* ## Publisher ### */

/* ## BookAuthors ### */

/* ## Authors ### */