/* ======================= Data ======================== */

/* ## Customer Table ### */
insert into Customer (FirstName, LastName, gender, DateofBirth, Address, Phone) values ('Danna', 'Luke', 'Female', '1985-04-15', '341 Derek Lane', '2217294229');
insert into Customer (FirstName, LastName, gender, DateofBirth, Address, Phone) values ('Liv', 'Geffcock', 'Female', '1999-10-13', '64 Buell Lane', '7745809382');
insert into Customer (FirstName, LastName, gender, DateofBirth, Address, Phone) values ('Sly', 'Marfe', 'Male', '1972-05-28', '05281 Stang Way', '4104761045');
insert into Customer (FirstName, LastName, gender, DateofBirth, Address, Phone) values ('Allina', 'Palfreyman', 'Female', '1979-08-16', '56767 Artisan Center', '9333497962');
insert into Customer (FirstName, LastName, gender, DateofBirth, Address, Phone) values ('Madonna', 'Gagie', 'Female', '1979-06-16', '173 Londonderry Avenue', '8488846075');
insert into Customer (FirstName, LastName, gender, DateofBirth, Address, Phone) values ('Alyssa', 'Jenik', 'Female', '1993-06-02', '1 Anderson Plaza', '2413295921');
insert into Customer (FirstName, LastName, gender, DateofBirth, Address, Phone) values ('Dorian', 'Klisch', 'Polygender', '1970-02-26', '090 Hauk Avenue', '9386232035');
insert into Customer (FirstName, LastName, gender, DateofBirth, Address, Phone) values ('Martainn', 'De Blase', 'Male', '1995-09-11', '9538 Dahle Street', '4922577375');
insert into Customer (FirstName, LastName, gender, DateofBirth, Address, Phone) values ('Orson', 'Tolcharde', 'Male', '1986-02-15', '17868 Blackbird Parkway', '5434161715');
insert into Customer (FirstName, LastName, gender, DateofBirth, Address, Phone) values ('Jenna', 'Elsmere', 'Polygender', '2009-08-25', '41 Orin Point', '6542360142');
insert into Customer (FirstName, LastName, gender, DateofBirth, Address, Phone) values ('Valerye', 'Parradine', 'Bigender', '1985-02-05', '1 Straubel Center', '5638914664');
insert into Customer (FirstName, LastName, gender, DateofBirth, Address, Phone) values ('Ram', 'Simanek', 'Male', '2001-08-09', '1185 5th Parkway', '5274913003');
insert into Customer (FirstName, LastName, gender, DateofBirth, Address, Phone) values ('Farlee', 'Beadles', 'Male', '1982-01-21', '9 Stephen Trail', '1277032774');
insert into Customer (FirstName, LastName, gender, DateofBirth, Address, Phone) values ('Sibilla', 'Grichukhin', 'Female', '1980-12-28', '5536 Granby Court', '1728681752');
insert into Customer (FirstName, LastName, gender, DateofBirth, Address, Phone) values ('Nicholas', 'Rolance', 'Male', '1997-04-03', '6 Oriole Way', '1933453963');
insert into Customer (FirstName, LastName, gender, DateofBirth, Address, Phone) values ('Lynn', 'Widmore', 'Male', '1980-03-08', '7 Lunder Court', '5887115678');
insert into Customer (FirstName, LastName, gender, DateofBirth, Address, Phone) values ('Phelia', 'Berthe', 'Female', '1973-07-28', '34568 Lindbergh Trail', '7541070384');
insert into Customer (FirstName, LastName, gender, DateofBirth, Address, Phone) values ('Alexandros', 'Lattie', 'Male', '1981-07-04', '770 Pawling Street', '9512714534');
insert into Customer (FirstName, LastName, gender, DateofBirth, Address, Phone) values ('Blakelee', 'Dankersley', 'Female', '1984-08-13', '652 Becker Pass', '3465903191');
insert into Customer (FirstName, LastName, gender, DateofBirth, Address, Phone) values ('Cassandre', 'Gilkison', 'Female', '1978-10-25', '2 Ridgeway Street', '5405875934');
insert into Customer (FirstName, LastName, gender, DateofBirth, Address, Phone) values ('Fidelio', 'Physic', 'Male', '1978-03-27', '4134 Mockingbird Circle', '7696819784');
insert into Customer (FirstName, LastName, gender, DateofBirth, Address, Phone) values ('Darby', 'Gooke', 'Female', '1983-07-03', '229 Thompson Avenue', '6549860299');
insert into Customer (FirstName, LastName, gender, DateofBirth, Address, Phone) values ('Rodolfo', 'Cicculini', 'Male', '1977-04-11', '73367 Stone Corner Hill', '1408893320');
insert into Customer (FirstName, LastName, gender, DateofBirth, Address, Phone) values ('Terrence', 'Chinnery', 'Male', '1974-02-01', '870 Mcbride Crossing', '3038466284');
insert into Customer (FirstName, LastName, gender, DateofBirth, Address, Phone) values ('Sawyere', 'Heber', 'Male', '1979-07-01', '88903 Express Street', '5615716403');

/* ## Borrow Table ### */
insert into Borrow (CardID, BookID, BorrowDate) values (18, 9, '2022-05-12');
insert into Borrow (CardID, BookID, BorrowDate) values (16, 13, '2022-03-22');
insert into Borrow (CardID, BookID, BorrowDate) values (23, 15, '2022-05-28');
insert into Borrow (CardID, BookID, BorrowDate) values (12, 9, '2021-11-01');
insert into Borrow (CardID, BookID, BorrowDate) values (22, 10, '2022-08-20');
insert into Borrow (CardID, BookID, BorrowDate) values (8, 7, '2021-10-22');
insert into Borrow (CardID, BookID, BorrowDate) values (5, 12, '2021-12-18');
insert into Borrow (CardID, BookID, BorrowDate) values (8, 3, '2022-09-09');
insert into Borrow (CardID, BookID, BorrowDate) values (21, 8, '2022-07-26');
insert into Borrow (CardID, BookID, BorrowDate) values (10, 7, '2022-07-14');
insert into Borrow (CardID, BookID, BorrowDate) values (1, 18, '2022-06-05');
insert into Borrow (CardID, BookID, BorrowDate) values (14, 4, '2022-08-19');
insert into Borrow (CardID, BookID, BorrowDate) values (20, 9, '2022-09-10');
insert into Borrow (CardID, BookID, BorrowDate) values (1, 3, '2022-08-16');
insert into Borrow (CardID, BookID, BorrowDate) values (9, 8, '2021-09-29');
insert into Borrow (CardID, BookID, BorrowDate) values (21, 14, '2022-01-29');
insert into Borrow (CardID, BookID, BorrowDate) values (14, 10, '2022-05-12');
insert into Borrow (CardID, BookID, BorrowDate) values (24, 12, '2021-10-28');
insert into Borrow (CardID, BookID, BorrowDate) values (8, 13, '2022-04-08');
insert into Borrow (CardID, BookID, BorrowDate) values (25, 4, '2022-07-26');
insert into Borrow (CardID, BookID, BorrowDate) values (18, 5, '2021-12-09');
insert into Borrow (CardID, BookID, BorrowDate) values (6, 9, '2022-07-30');
insert into Borrow (CardID, BookID, BorrowDate) values (4, 12, '2022-07-03');
insert into Borrow (CardID, BookID, BorrowDate) values (14, 18, '2021-11-01');
insert into Borrow (CardID, BookID, BorrowDate) values (23, 8, '2022-08-16');

/* ## LibraryBranch ### */
insert into LibraryBranch (BranchName, BranchAddress) values ('Fixflex', '171 New Castle Crossing');
insert into LibraryBranch (BranchName, BranchAddress) values ('Sonair', '9 Barby Road');
insert into LibraryBranch (BranchName, BranchAddress) values ('Mat Lam Tam', '04095 Holy Cross Center');
insert into LibraryBranch (BranchName, BranchAddress) values ('Asoka', '6 Welch Crossing');
insert into LibraryBranch (BranchName, BranchAddress) values ('Fixflex', '347 Menomonie Crossing');
insert into LibraryBranch (BranchName, BranchAddress) values ('Daltfresh', '8 Donald Hill');
insert into LibraryBranch (BranchName, BranchAddress) values ('Y-find', '5 Declaration Junction');
insert into LibraryBranch (BranchName, BranchAddress) values ('Toughjoyfax', '2 Tony Parkway');
insert into LibraryBranch (BranchName, BranchAddress) values ('Flowdesk', '76 Prairie Rose Park');
insert into LibraryBranch (BranchName, BranchAddress) values ('Prodder', '34 Basil Parkway');

/* ## Book ### */
insert into Book (BookISBN, BranchID, BookStatus) values (2783161484, 10, 'Available');
insert into Book (BookISBN, BranchID, BookStatus) values (2921571537, 5, 'Borrowed');
insert into Book (BookISBN, BranchID, BookStatus) values (3059981591, 10, 'Available');
insert into Book (BookISBN, BranchID, BookStatus) values (3198391644, 6, 'Lost');
insert into Book (BookISBN, BranchID, BookStatus) values (3336801698, 10, 'Damage');
insert into Book (BookISBN, BranchID, BookStatus) values (3475211752, 2, 'Borrowed');
insert into Book (BookISBN, BranchID, BookStatus) values (3613621805, 5, 'Available');
insert into Book (BookISBN, BranchID, BookStatus) values (3752031859, 2, 'Available');
insert into Book (BookISBN, BranchID, BookStatus) values (3890441912, 6, 'Available');
insert into Book (BookISBN, BranchID, BookStatus) values (4028851966, 1, 'Available');
insert into Book (BookISBN, BranchID, BookStatus) values (4167262020, 5, 'Available');
insert into Book (BookISBN, BranchID, BookStatus) values (4305672073, 7, 'Damage');
insert into Book (BookISBN, BranchID, BookStatus) values (4444082127, 10, 'Borrowed');
insert into Book (BookISBN, BranchID, BookStatus) values (4582492180, 6, 'Available');
insert into Book (BookISBN, BranchID, BookStatus) values (4720902234, 1, 'Borrowed');
insert into Book (BookISBN, BranchID, BookStatus) values (4859312288, 1, 'Available');
insert into Book (BookISBN, BranchID, BookStatus) values (4997722341, 5, 'Available');
insert into Book (BookISBN, BranchID, BookStatus) values (5136132395, 2, 'Available');
insert into Book (BookISBN, BranchID, BookStatus) values (5274542448, 5, 'Borrowed');
insert into Book (BookISBN, BranchID, BookStatus) values (5412952502, 9, 'Borrowed');
insert into Book (BookISBN, BranchID, BookStatus) values (5551362556, 6, 'Available');
insert into Book (BookISBN, BranchID, BookStatus) values (5689772609, 3, 'Borrowed');
insert into Book (BookISBN, BranchID, BookStatus) values (5828182663, 7, 'Available');
insert into Book (BookISBN, BranchID, BookStatus) values (5966592716, 3, 'Borrowed');
insert into Book (BookISBN, BranchID, BookStatus) values (6105002770, 4, 'Borrowed');
insert into Book (BookISBN, BranchID, BookStatus) values (6243412824, 4, 'Borrowed');
insert into Book (BookISBN, BranchID, BookStatus) values (6381822877, 6, 'Available');
insert into Book (BookISBN, BranchID, BookStatus) values (6520232931, 4, 'Available');
insert into Book (BookISBN, BranchID, BookStatus) values (6658642984, 2, 'Borrowed');
insert into Book (BookISBN, BranchID, BookStatus) values (6797053038, 1, 'Available');
insert into Book (BookISBN, BranchID, BookStatus) values (6935463092, 7, 'Available');
insert into Book (BookISBN, BranchID, BookStatus) values (7073873145, 2, 'Borrowed');
insert into Book (BookISBN, BranchID, BookStatus) values (7212283199, 8, 'Available');
insert into Book (BookISBN, BranchID, BookStatus) values (7350693252, 7, 'Available');
insert into Book (BookISBN, BranchID, BookStatus) values (7489103306, 6, 'Borrowed');
insert into Book (BookISBN, BranchID, BookStatus) values (7627513360, 6, 'Available');
insert into Book (BookISBN, BranchID, BookStatus) values (7765923413, 8, 'Available');
insert into Book (BookISBN, BranchID, BookStatus) values (7904333467, 9, 'Available');
insert into Book (BookISBN, BranchID, BookStatus) values (8042743520, 7, 'Lost');
insert into Book (BookISBN, BranchID, BookStatus) values (8181153574, 2, 'Available');
insert into Book (BookISBN, BranchID, BookStatus) values (8319563628, 10, 'Available');
insert into Book (BookISBN, BranchID, BookStatus) values (8457973681, 1, 'Available');
insert into Book (BookISBN, BranchID, BookStatus) values (8596383735, 10, 'Available');
insert into Book (BookISBN, BranchID, BookStatus) values (8734793788, 9, 'Borrowed');
insert into Book (BookISBN, BranchID, BookStatus) values (8873203842, 8, 'Available');
insert into Book (BookISBN, BranchID, BookStatus) values (9011613896, 7, 'Available');
insert into Book (BookISBN, BranchID, BookStatus) values (9150023949, 1, 'Borrowed');
insert into Book (BookISBN, BranchID, BookStatus) values (9288434003, 7, 'Borrowed');
insert into Book (BookISBN, BranchID, BookStatus) values (9426844056, 10, 'Available');
insert into Book (BookISBN, BranchID, BookStatus) values (9565254110, 2, 'Available');

/* ## BookInfo ### */

insert into BookInfo (BookISBN, BookTitle, CategoryID, PublisherID, NumberOfCopies, RackNum) values (2783161484, 'Introduction to Algorithms', 2, 21, 1, 81);
insert into BookInfo (BookISBN, BookTitle, CategoryID, PublisherID, NumberOfCopies, RackNum) values (2921571537, 'The C Programming Language', 2, 16, 1, 5);
insert into BookInfo (BookISBN, BookTitle, CategoryID, PublisherID, NumberOfCopies, RackNum) values (3059981591, 'Big Data Big Challenges', 15, 16, 1, 52);
insert into BookInfo (BookISBN, BookTitle, CategoryID, PublisherID, NumberOfCopies, RackNum) values (3198391644, 'Designing Data', 19, 22, 1, 75);
insert into BookInfo (BookISBN, BookTitle, CategoryID, PublisherID, NumberOfCopies, RackNum) values (3336801698, 'Here Comes Peter Cottontail ', 10, 8, 1, 29);
insert into BookInfo (BookISBN, BookTitle, CategoryID, PublisherID, NumberOfCopies, RackNum) values (3475211752, 'Thomas Crown Affair, The', 4, 19, 1, 47);
insert into BookInfo (BookISBN, BookTitle, CategoryID, PublisherID, NumberOfCopies, RackNum) values (3613621805, 'At Sword''s Point', 2, 9, 1, 4);
insert into BookInfo (BookISBN, BookTitle, CategoryID, PublisherID, NumberOfCopies, RackNum) values (3752031859, 'Weary River', 6, 16, 1, 5);
insert into BookInfo (BookISBN, BookTitle, CategoryID, PublisherID, NumberOfCopies, RackNum) values (3890441912, 'Fatty Drives the Bus', 9, 4, 1, 7);
insert into BookInfo (BookISBN, BookTitle, CategoryID, PublisherID, NumberOfCopies, RackNum) values (4028851966, 'Young & Beautiful', 10, 9, 1, 26);
insert into BookInfo (BookISBN, BookTitle, CategoryID, PublisherID, NumberOfCopies, RackNum) values (4167262020, 'Bag of Hammers, A', 8, 11, 1, 8);
insert into BookInfo (BookISBN, BookTitle, CategoryID, PublisherID, NumberOfCopies, RackNum) values (4305672073, 'Animals United', 2, 14, 1, 32);
insert into BookInfo (BookISBN, BookTitle, CategoryID, PublisherID, NumberOfCopies, RackNum) values (4444082127, 'There Will Be Blood', 10, 10, 1, 42);
insert into BookInfo (BookISBN, BookTitle, CategoryID, PublisherID, NumberOfCopies, RackNum) values (4582492180, 'Ski Patrol', 7, 4, 1, 29);
insert into BookInfo (BookISBN, BookTitle, CategoryID, PublisherID, NumberOfCopies, RackNum) values (4720902234, 'Thousand Words, A', 5, 17, 1, 49);
insert into BookInfo (BookISBN, BookTitle, CategoryID, PublisherID, NumberOfCopies, RackNum) values (4859312288, 'Ragamuffin', 7, 20, 1, 37);
insert into BookInfo (BookISBN, BookTitle, CategoryID, PublisherID, NumberOfCopies, RackNum) values (4997722341, 'Hyde Park on Hudson', 3, 7, 1, 15);
insert into BookInfo (BookISBN, BookTitle, CategoryID, PublisherID, NumberOfCopies, RackNum) values (5136132395, 'Good Job:  Stories of the FDNY, A', 6, 22, 1, 2);
insert into BookInfo (BookISBN, BookTitle, CategoryID, PublisherID, NumberOfCopies, RackNum) values (5274542448, 'Ishaqzaade', 1, 18, 1, 15);
insert into BookInfo (BookISBN, BookTitle, CategoryID, PublisherID, NumberOfCopies, RackNum) values (5412952502, 'Blind (Beul-la-in-deu)', 4, 10, 1, 6);
insert into BookInfo (BookISBN, BookTitle, CategoryID, PublisherID, NumberOfCopies, RackNum) values (5551362556, 'Taxi Blues', 4, 17, 1, 29);
insert into BookInfo (BookISBN, BookTitle, CategoryID, PublisherID, NumberOfCopies, RackNum) values (5689772609, 'Dead Silence', 10, 2, 1, 27);
insert into BookInfo (BookISBN, BookTitle, CategoryID, PublisherID, NumberOfCopies, RackNum) values (5828182663, 'Bat, The', 6, 11, 1, 48);
insert into BookInfo (BookISBN, BookTitle, CategoryID, PublisherID, NumberOfCopies, RackNum) values (5966592716, 'Choices', 7, 16, 1, 14);
insert into BookInfo (BookISBN, BookTitle, CategoryID, PublisherID, NumberOfCopies, RackNum) values (6105002770, 'Babysitter, The', 2, 6, 1, 9);
insert into BookInfo (BookISBN, BookTitle, CategoryID, PublisherID, NumberOfCopies, RackNum) values (6243412824, 'Alfie', 6, 12, 1, 24);
insert into BookInfo (BookISBN, BookTitle, CategoryID, PublisherID, NumberOfCopies, RackNum) values (6381822877, 'Ordinary Decent Criminal', 2, 4, 1, 17);
insert into BookInfo (BookISBN, BookTitle, CategoryID, PublisherID, NumberOfCopies, RackNum) values (6520232931, 'Honeymoon', 3, 24, 1, 6);
insert into BookInfo (BookISBN, BookTitle, CategoryID, PublisherID, NumberOfCopies, RackNum) values (6658642984, '388 Arletta Avenue', 8, 4, 1, 19);
insert into BookInfo (BookISBN, BookTitle, CategoryID, PublisherID, NumberOfCopies, RackNum) values (6797053038, 'Taira Clan Saga, The (Shin heike monogatari)', 5, 6, 1, 44);
insert into BookInfo (BookISBN, BookTitle, CategoryID, PublisherID, NumberOfCopies, RackNum) values (6935463092, 'Restraint', 1, 22, 1, 25);
insert into BookInfo (BookISBN, BookTitle, CategoryID, PublisherID, NumberOfCopies, RackNum) values (7073873145, 'Pajama Party', 9, 3, 1, 6);
insert into BookInfo (BookISBN, BookTitle, CategoryID, PublisherID, NumberOfCopies, RackNum) values (7212283199, 'Sport, Sport, Sport', 7, 24, 1, 2);
insert into BookInfo (BookISBN, BookTitle, CategoryID, PublisherID, NumberOfCopies, RackNum) values (7350693252, 'Beethoven''s 5th', 1, 8, 1, 4);
insert into BookInfo (BookISBN, BookTitle, CategoryID, PublisherID, NumberOfCopies, RackNum) values (7489103306, 'Trial by Jury', 2, 5, 1, 33);
insert into BookInfo (BookISBN, BookTitle, CategoryID, PublisherID, NumberOfCopies, RackNum) values (7627513360, 'Stolen Seas', 9, 19, 1, 50);
insert into BookInfo (BookISBN, BookTitle, CategoryID, PublisherID, NumberOfCopies, RackNum) values (7765923413, 'Marathon Family, The (Maratonci Trce Pocasni Krug)', 4, 9, 1, 30);
insert into BookInfo (BookISBN, BookTitle, CategoryID, PublisherID, NumberOfCopies, RackNum) values (7904333467, 'Burn, Witch, Burn (Night of the Eagle)', 3, 11, 1, 17);
insert into BookInfo (BookISBN, BookTitle, CategoryID, PublisherID, NumberOfCopies, RackNum) values (8042743520, 'The Hire: Star, The', 7, 6, 1, 8);
insert into BookInfo (BookISBN, BookTitle, CategoryID, PublisherID, NumberOfCopies, RackNum) values (8181153574, 'Judith of Bethulia', 1, 18, 1, 9);
insert into BookInfo (BookISBN, BookTitle, CategoryID, PublisherID, NumberOfCopies, RackNum) values (8319563628, 'Bolero', 10, 10, 1, 15);
insert into BookInfo (BookISBN, BookTitle, CategoryID, PublisherID, NumberOfCopies, RackNum) values (8457973681, 'Dead Man''s Walk', 4, 25, 1, 20);
insert into BookInfo (BookISBN, BookTitle, CategoryID, PublisherID, NumberOfCopies, RackNum) values (8596383735, 'Secret Agent, The', 3, 12, 1, 29);
insert into BookInfo (BookISBN, BookTitle, CategoryID, PublisherID, NumberOfCopies, RackNum) values (8734793788, 'Iron Island (Jazireh Ahani)', 7, 12, 1, 11);
insert into BookInfo (BookISBN, BookTitle, CategoryID, PublisherID, NumberOfCopies, RackNum) values (8873203842, 'Teen Spirit', 9, 18, 1, 40);
insert into BookInfo (BookISBN, BookTitle, CategoryID, PublisherID, NumberOfCopies, RackNum) values (9011613896, 'Most Wanted Man, A', 2, 22, 1, 9);
insert into BookInfo (BookISBN, BookTitle, CategoryID, PublisherID, NumberOfCopies, RackNum) values (9150023949, 'Snowriders', 9, 25, 1, 32);
insert into BookInfo (BookISBN, BookTitle, CategoryID, PublisherID, NumberOfCopies, RackNum) values (9288434003, 'War on Democracy, The', 5, 10, 1, 15);
insert into BookInfo (BookISBN, BookTitle, CategoryID, PublisherID, NumberOfCopies, RackNum) values (9426844056, 'Road to Zanzibar', 1, 5, 1, 8);
insert into BookInfo (BookISBN, BookTitle, CategoryID, PublisherID, NumberOfCopies, RackNum) values (9565254110, 'Inconvenient Tax, An', 2, 13, 1, 33);


/* ## Categories ### */
insert into Categories (CategoryName) values ('Action and Adventure');
insert into Categories (CategoryName) values ('Classics');
insert into Categories (CategoryName) values ('Detective and Mystery');
insert into Categories (CategoryName) values ('Fantasy');
insert into Categories (CategoryName) values ('History');
insert into Categories (CategoryName) values ('Horror');
insert into Categories (CategoryName) values ('Romance');
insert into Categories (CategoryName) values ('Science Fiction');
insert into Categories (CategoryName) values ('Short Stories');
insert into Categories (CategoryName) values ('Suspense and Thrillers');

/* ## Publisher ### */
insert into Publisher (PublisherName, PublisherAddress, PublisherPhone) values ('Hahn LLC', '9 Mariners Cove Road', '6645971159');
insert into Publisher (PublisherName, PublisherAddress, PublisherPhone) values ('Metz, Hilll and Goldner', '133 Di Loreto Center', '3799469540');
insert into Publisher (PublisherName, PublisherAddress, PublisherPhone) values ('Gleichner-Prosacco', '89497 Mayer Road', '7841788872');
insert into Publisher (PublisherName, PublisherAddress, PublisherPhone) values ('Cruickshank-Windler', '75 High Crossing Road', '6715799599');
insert into Publisher (PublisherName, PublisherAddress, PublisherPhone) values ('Predovic Inc', '79 Oneill Parkway', '2139437592');
insert into Publisher (PublisherName, PublisherAddress, PublisherPhone) values ('Nolan, Cole and Schumm', '654 Paget Circle', '8259116693');
insert into Publisher (PublisherName, PublisherAddress, PublisherPhone) values ('Von, Hegmann and Christiansen', '7825 Arizona Crossing', '2643801942');
insert into Publisher (PublisherName, PublisherAddress, PublisherPhone) values ('Bartell-Tremblay', '93050 Towne Street', '8203939792');
insert into Publisher (PublisherName, PublisherAddress, PublisherPhone) values ('Leannon, Bashirian and Murazik', '0503 Sugar Parkway', '9244176506');
insert into Publisher (PublisherName, PublisherAddress, PublisherPhone) values ('Wunsch-Denesik', '7 Hallows Court', '6806396237');
insert into Publisher (PublisherName, PublisherAddress, PublisherPhone) values ('Robel, Simonis and Friesen', '846 Drewry Pass', '2054176769');
insert into Publisher (PublisherName, PublisherAddress, PublisherPhone) values ('Grant Inc', '200 Katie Hill', '2413807427');
insert into Publisher (PublisherName, PublisherAddress, PublisherPhone) values ('West, Greenholt and Simonis', '51 Little Fleur Terrace', '5467642247');
insert into Publisher (PublisherName, PublisherAddress, PublisherPhone) values ('Lemke-Predovic', '105 American Ash Avenue', '3905409744');
insert into Publisher (PublisherName, PublisherAddress, PublisherPhone) values ('Thiel, Hintz and Kulas', '42107 Weeping Birch Way', '2027579172');
insert into Publisher (PublisherName, PublisherAddress, PublisherPhone) values ('Gleichner, Cronin and Heaney', '36 Meadow Valley Plaza', '8246181254');
insert into Publisher (PublisherName, PublisherAddress, PublisherPhone) values ('Ratke and Sons', '45713 Buhler Hill', '3328772359');
insert into Publisher (PublisherName, PublisherAddress, PublisherPhone) values ('Little, Doyle and Roberts', '193 Lakewood Gardens Crossing', '6997922933');
insert into Publisher (PublisherName, PublisherAddress, PublisherPhone) values ('Howe-Ortiz', '90 Cherokee Drive', '7081463715');
insert into Publisher (PublisherName, PublisherAddress, PublisherPhone) values ('Ernser Group', '36 Maple Wood Circle', '4893183966');
insert into Publisher (PublisherName, PublisherAddress, PublisherPhone) values ('Bashirian, Carroll and Cormier', '7014 Starling Terrace', '7569295354');
insert into Publisher (PublisherName, PublisherAddress, PublisherPhone) values ('Rodriguez Inc', '40413 Anthes Avenue', '1196334374');
insert into Publisher (PublisherName, PublisherAddress, PublisherPhone) values ('Wintheiser LLC', '5263 Bluestem Trail', '6818485152');
insert into Publisher (PublisherName, PublisherAddress, PublisherPhone) values ('Walker-Powlowski', '9088 American Street', '1029363403');
insert into Publisher (PublisherName, PublisherAddress, PublisherPhone) values ('Aufderhar Group', '3 Hayes Court', '2582924077');

/* ## BookAuthors ### */
insert into BookAuthors (AuthorsID, BookISBN) values (24, 2783161484);
insert into BookAuthors (AuthorsID, BookISBN) values (21, 2921571537);
insert into BookAuthors (AuthorsID, BookISBN) values (21, 3059981591);
insert into BookAuthors (AuthorsID, BookISBN) values (14, 3198391644);
insert into BookAuthors (AuthorsID, BookISBN) values (7, 3336801698);
insert into BookAuthors (AuthorsID, BookISBN) values (8, 3475211752);
insert into BookAuthors (AuthorsID, BookISBN) values (17, 3613621805);
insert into BookAuthors (AuthorsID, BookISBN) values (5, 3752031859);
insert into BookAuthors (AuthorsID, BookISBN) values (17, 3890441912);
insert into BookAuthors (AuthorsID, BookISBN) values (6, 4028851966);
insert into BookAuthors (AuthorsID, BookISBN) values (12, 4167262020);
insert into BookAuthors (AuthorsID, BookISBN) values (16, 4305672073);
insert into BookAuthors (AuthorsID, BookISBN) values (19, 4444082127);
insert into BookAuthors (AuthorsID, BookISBN) values (12, 4582492180);
insert into BookAuthors (AuthorsID, BookISBN) values (22, 4720902234);
insert into BookAuthors (AuthorsID, BookISBN) values (7, 4859312288);
insert into BookAuthors (AuthorsID, BookISBN) values (22, 4997722341);
insert into BookAuthors (AuthorsID, BookISBN) values (13, 5136132395);
insert into BookAuthors (AuthorsID, BookISBN) values (14, 5274542448);
insert into BookAuthors (AuthorsID, BookISBN) values (20, 5412952502);
insert into BookAuthors (AuthorsID, BookISBN) values (10, 5551362556);
insert into BookAuthors (AuthorsID, BookISBN) values (24, 5689772609);
insert into BookAuthors (AuthorsID, BookISBN) values (12, 5828182663);
insert into BookAuthors (AuthorsID, BookISBN) values (23, 5966592716);
insert into BookAuthors (AuthorsID, BookISBN) values (21, 6105002770);
insert into BookAuthors (AuthorsID, BookISBN) values (18, 6243412824);
insert into BookAuthors (AuthorsID, BookISBN) values (16, 6381822877);
insert into BookAuthors (AuthorsID, BookISBN) values (12, 6520232931);
insert into BookAuthors (AuthorsID, BookISBN) values (24, 6658642984);
insert into BookAuthors (AuthorsID, BookISBN) values (6, 6797053038);
insert into BookAuthors (AuthorsID, BookISBN) values (2, 6935463092);
insert into BookAuthors (AuthorsID, BookISBN) values (11, 7073873145);
insert into BookAuthors (AuthorsID, BookISBN) values (15, 7212283199);
insert into BookAuthors (AuthorsID, BookISBN) values (7, 7350693252);
insert into BookAuthors (AuthorsID, BookISBN) values (14, 7489103306);
insert into BookAuthors (AuthorsID, BookISBN) values (22, 7627513360);
insert into BookAuthors (AuthorsID, BookISBN) values (15, 7765923413);
insert into BookAuthors (AuthorsID, BookISBN) values (19, 7904333467);
insert into BookAuthors (AuthorsID, BookISBN) values (14, 8042743520);
insert into BookAuthors (AuthorsID, BookISBN) values (14, 8181153574);
insert into BookAuthors (AuthorsID, BookISBN) values (9, 8319563628);
insert into BookAuthors (AuthorsID, BookISBN) values (3, 8457973681);
insert into BookAuthors (AuthorsID, BookISBN) values (17, 8596383735);
insert into BookAuthors (AuthorsID, BookISBN) values (21, 8734793788);
insert into BookAuthors (AuthorsID, BookISBN) values (6, 8873203842);
insert into BookAuthors (AuthorsID, BookISBN) values (12, 9011613896);
insert into BookAuthors (AuthorsID, BookISBN) values (7, 9150023949);
insert into BookAuthors (AuthorsID, BookISBN) values (22, 9288434003);
insert into BookAuthors (AuthorsID, BookISBN) values (15, 9426844056);
insert into BookAuthors (AuthorsID, BookISBN) values (24, 9565254110);
# Rows:


/* ## Authors ### */
insert into Authors (AuthorName) values ('Roma Astlatt');
insert into Authors (AuthorName) values ('Doris Crossby');
insert into Authors (AuthorName) values ('Joscelin Heape');
insert into Authors (AuthorName) values ('Timi Laroux');
insert into Authors (AuthorName) values ('Allard Kadd');
insert into Authors (AuthorName) values ('Angelina Gillingham');
insert into Authors (AuthorName) values ('Mora Paulon');
insert into Authors (AuthorName) values ('Koral Pittway');
insert into Authors (AuthorName) values ('Jacobo Dauber');
insert into Authors (AuthorName) values ('Penelopa Dewire');
insert into Authors (AuthorName) values ('Aeriel Fentem');
insert into Authors (AuthorName) values ('Andrej Geeve');
insert into Authors (AuthorName) values ('Ambrosi Pirouet');
insert into Authors (AuthorName) values ('Elmo Forrest');
insert into Authors (AuthorName) values ('Willy Oleszcuk');
insert into Authors (AuthorName) values ('Marga Defond');
insert into Authors (AuthorName) values ('Victoir Spellacey');
insert into Authors (AuthorName) values ('Mallory Rutledge');
insert into Authors (AuthorName) values ('Freemon Kightly');
insert into Authors (AuthorName) values ('Tracy Routledge');
insert into Authors (AuthorName) values ('Brantley Kinny');
insert into Authors (AuthorName) values ('Lyndsay Brimilcombe');
insert into Authors (AuthorName) values ('Ivie Straw');
insert into Authors (AuthorName) values ('Bobbie Bestar');
insert into Authors (AuthorName) values ('Sarette Andrioletti');